	POS	REF	ALT	annotation	gene	nt_change	aa_change	FREQ	SNP
4	678	A	AT	frameshift	ORF1ab	dupT	Gln158fs	0.4812	ORF1ab_678:A>AT_Gln158fs_frameshift
5	1005	C	T	missense	ORF1ab	C>T	Thr265Ile	0.2489	ORF1ab_1005:C>T_Thr265Ile_missense
8	3242	C	A	missense	ORF1ab	C>A	Gln1011Lys	0.3397	ORF1ab_3242:C>A_Gln1011Lys_missense
12	5994	TTAAGTTTG	T	frameshift	ORF1ab	-delAGTTTGTA	Lys1929fs	0.1351	ORF1ab_5994:TTAAGTTTG>T_Lys1929fs_frameshift
13	6409	G	GA	frameshift	ORF1ab	dupA	Thr2068fs	0.2011	ORF1ab_6409:G>GA_Thr2068fs_frameshift
18	9818	C	A	missense	ORF1ab	C>A	Gln3203Lys	0.443	ORF1ab_9818:C>A_Gln3203Lys_missense
39	12933	T	C	missense	ORF1ab	T>C	Met4241Thr	0.0466	ORF1ab_12933:T>C_Met4241Thr_missense
54	16576	C	T	missense	ORF1ab	C>T	Leu5456Phe	0.2689	ORF1ab_16576:C>T_Leu5456Phe_missense
59	17463	A	AC	frameshift	ORF1ab	dupC	Leu5752fs	0.2276	ORF1ab_17463:A>AC_Leu5752fs_frameshift
70	19568	G	GT	frameshift	ORF1ab	dupT	Leu6454fs	0.1085	ORF1ab_19568:G>GT_Leu6454fs_frameshift
84	22206	T	C	missense	S	T>C	Ile233Thr	0.2097	S_22206:T>C_Ile233Thr_missense
85	22349	G	A	missense	S	G>A	Glu281Lys	0.1361	S_22349:G>A_Glu281Lys_missense
86	23376	C	T	missense	S	C>T	Ala623Val	0.1893	S_23376:C>T_Ala623Val_missense
87	23471	C	T	missense	S	C>T	His655Tyr	0.6794	S_23471:C>T_His655Tyr_missense
100	24758	GA	G	frameshift	S	delA	As084fs	0.1682	S_24758:GA>G_As084fs_frameshift
101	24766	A	G	synonymous	S	A>G	Lys1086Lys	0.0883	S_24766:A>G_Lys1086Lys_synonymous
107	25527	A	G	missense	ORF3a	A>G	Ile63Met	0.0627	ORF3a_25527:A>G_Ile63Met_missense
115	26391	T	C	synonymous	E	T>C	Ser67Ser	0.1842	E_26391:T>C_Ser67Ser_synonymous
121	26810	AG	A	frameshift	M	delG	Glu115fs	0.088	M_26810:AG>A_Glu115fs_frameshift
126	27852	G	GT	frameshift	ORF8	dupT	Gly8fs	0.1113	ORF8_27852:G>GT_Gly8fs_frameshift
130	28080	G	GT	frameshift	ORF8	dupT	Ser82fs	0.1035	ORF8_28080:G>GT_Ser82fs_frameshift
132	28160	C	CT	frameshift	ORF8	dupT	Leu109fs	0.1577	ORF8_28160:C>CT_Leu109fs_frameshift
133	28188	G	GT	frameshift	ORF8	dupT	Leu118fs	0.1085	ORF8_28188:G>GT_Leu118fs_frameshift
136	28671	C	T	missense	N	C>T	Pro151Leu	0.0532	N_28671:C>T_Pro151Leu_missense
